location_id,name,category,area,access_note,source_url
HB01,D-Lab,methods support,Social Sciences Building,Check the official site for current access details,https://dlab.berkeley.edu/
HB02,BAMPFA Film Library and Study Center,media research,Downtown Berkeley,Confirm appointments and access on the official site,https://bampfa.org/
HB03,Morrison Library,quiet reading,Doe Library,Morrison is generally open between 10:00AM and 5:00PM on weekdays. Please check the official website for the most up to date information.,https://www.lib.berkeley.edu/visit/morrison
HB04,Jacobs Institute Makerspace,prototyping,North campus,Training may be required before equipment use,https://jacobsinstitute.berkeley.edu/
HB05,Basic Needs Center,student support,UC Berkeley,Use official pages for eligibility and hours,https://basicneeds.berkeley.edu/
HB06,Disabled Students' Program,access support,UC Berkeley,Do not publish private accommodation information,https://dsp.berkeley.edu/
HB07,Berkeley Art Museum and Pacific Film Archive,arts and archives,Downtown Berkeley,Admission and hours vary,https://bampfa.org/
HB08,UC Botanical Garden,field observation,Strawberry Canyon,Check current reservations and transit,https://botanicalgarden.berkeley.edu/
HB09,UC Berkeley Career Center,student support,UC Berkeley,"The Career Center offers career planning essentials, events and workshops, career counseling appointments, job and internship search resources and support, and planning for graduate and professional school to undergraduates, graduate students, and alumni.",https://career.berkeley.edu/
